<?xml version="1.0" encoding="UTF-8"?>

<templates id="variant.template" xml:space="preserve">

    <t t-extend="Product" name="ProductStockWidget">
    <t t-jquery="div.product-img" t-operation="replace">
        <div class="product-img">
                <img t-att-src='image_url' alt="Product image"/>

            <t t-if="!product.to_weight">

                    <span class="price-tag">
                        <t t-esc="widget.format_currency(product.get_price(pricelist, 1),'Product Price')"/>
                    </span>
                <t t-if="product.pos_variants">
                        <span class="variant">Multi-variant</span>
                    </t>
                </t>

            <t t-if="product.to_weight">

                    <span class="price-tag">
                        <t t-esc="widget.format_currency(product.get_price(pricelist, 1),'Product Price')"/>
                    </span>
                <t t-if="product.pos_variants">
                        <span class="variant">Multi-variant</span>
                    </t>
                </t>
            </div>
    </t>
    </t>
    <t t-extend="Orderline">
        <t t-jquery="ul.info-list" t-operation="append">
            <div class="variant-orderline">
                <t t-foreach="line.product_variants" t-as="item">
                    <li>
                        <em>
                        <t t-esc="item.type" />:
                        </em>
                        at
                        <t t-esc="item.extra_price"/>
                    </li>
                </t>

            </div>
        </t>
    </t>
<!--    <t t-extend="OrderReceipt">-->
<!--            <t t-jquery="t[t-if='!simple']" t-operation="after">-->

<!--               <t t-foreach="line.product_variants" t-as="variant">-->
<!--                   <div class="pos-receipt-left-padding">-->
<!--                    <li>-->
<!--                        <em>-->
<!--                        Charges for-->
<!--                        <t t-esc="variant.type" />:-->
<!--                        </em>-->
<!--                        @-->
<!--                        <t t-esc="variant.extra_price"/>-->
<!--                    </li>-->
<!--                   </div>-->
<!--                </t>-->
<!--            </t>-->
<!--    </t>-->

</templates>


